{
  "precision_type": "FP32",
  "accuracy": 0.86,
  "num_correct": 43,
  "num_total": 50,
  "per_class_accuracy": {
    "0": 0.8571428571428571,
    "1": 0.8620689655172413
  },
  "confusion_matrix": [
    [
      18,
      3
    ],
    [
      4,
      25
    ]
  ],
  "inference_time": 0.11577567500000896,
  "samples_per_second": 431.86964792039544,
  "batch_size": 8,
  "num_batches": 7
}